{"cameraMode":{"drawMode":0,"name":"Shaded","section":"Shading Mode"},"sceneLighting":false,"audioPlay":false,"sceneViewState":{"m_AlwaysRefresh":false,"showFog":false,"showSkybox":false,"showFlares":false,"showImageEffects":false,"showParticleSystems":false,"showVisualEffectGraphs":true,"m_FxEnabled":true},"in2DMode":false,"pivot":{"x":0.9410585165023804,"y":1.1303887367248536,"z":-3.384490489959717},"rotation":{"x":-0.005115715321153402,"y":-0.9948533773422241,"z":0.06606419384479523,"w":-0.07683217525482178},"size":3.3320555686950685,"orthographic":false}