{"cameraMode":{"drawMode":0,"name":"Shaded","section":"Shading Mode"},"sceneLighting":true,"audioPlay":false,"sceneViewState":{"m_AlwaysRefresh":false,"showFog":true,"showSkybox":true,"showFlares":true,"showImageEffects":true,"showParticleSystems":true,"showVisualEffectGraphs":true,"m_FxEnabled":true},"in2DMode":false,"pivot":{"x":-5.107410907745361,"y":0.5703493356704712,"z":0.13884936273097993},"rotation":{"x":-0.04802626743912697,"y":0.8048688769340515,"z":-0.06550904363393784,"w":-0.5880136489868164},"size":0.4087165296077728,"orthographic":false}