{"cameraMode":{"drawMode":0,"name":"Shaded","section":"Shading Mode"},"sceneLighting":true,"audioPlay":false,"sceneViewState":{"m_AlwaysRefresh":false,"showFog":true,"showSkybox":true,"showFlares":true,"showImageEffects":true,"showParticleSystems":true,"showVisualEffectGraphs":true,"m_FxEnabled":true},"in2DMode":false,"pivot":{"x":-2.5537991523742677,"y":-0.09137797355651856,"z":4.633305072784424},"rotation":{"x":0.29487624764442446,"y":0.07763416320085526,"z":-0.024181930348277093,"w":0.9522449374198914},"size":5.037118911743164,"orthographic":false}