{"cameraMode":{"drawMode":0,"name":"Shaded","section":"Shading Mode"},"sceneLighting":false,"audioPlay":false,"sceneViewState":{"m_AlwaysRefresh":false,"showFog":false,"showSkybox":false,"showFlares":false,"showImageEffects":false,"showParticleSystems":false,"showVisualEffectGraphs":true,"m_FxEnabled":true},"in2DMode":false,"pivot":{"x":0.07015407085418701,"y":0.8935271501541138,"z":0.043539077043533328},"rotation":{"x":-0.05203709751367569,"y":-0.9249395132064819,"z":0.13724608719348908,"w":-0.35067829489707949},"size":0.4110032320022583,"orthographic":false}